,precision,recall,f1-score,support
0,0.8,0.8,0.8000000000000002,5.0
1,0.8,0.8,0.8000000000000002,5.0
accuracy,0.8,0.8,0.8,0.8
macro avg,0.8,0.8,0.8000000000000002,10.0
weighted avg,0.8,0.8,0.8000000000000002,10.0
